Model,MAE,MdAE,MSE
TF-IDF + Random Forest,2.7841068242328593,2.352440002493378,19.616953759723145
TF-IDF + LightGBM,2.824439739353359,2.2372300321724343,18.712491437591353
